Keyword,Volume,KD,Intent,Targeting Strategy
Best hand-tufted rugs for living room,1200,25,High (Commercial),Product Category & Blog
20mm pile height wool rugs,450,15,High (Transactional),Product Description & Comparison
Pure New Zealand wool abstract rugs,800,30,High (Transactional),Product Page & Visual SEO
Hand-tufted vs machine-made rugs,2500,45,Informational,Comparison Blog (Cornerstone)
How to clean hand-tufted rugs,1800,20,Informational,Maintenance Guide / After-sales
Hypoallergenic rugs for kids,600,18,High (Problem-solving),Niche Blog / Educators focus
Premium abstract area rugs,3200,55,High (Commercial),Home Page & Collection
Handcrafted rugs India online,1500,35,High (Commercial),Brand Awareness / About Us
Custom size hand-tufted rugs,900,22,High (Transactional),Service Page / Custom Request
Rug maintenance for high pile,350,12,Informational,FAQ / Maintenance Page
Non-toxic rugs for preschool classrooms,250,8,High (Niche),Blog focused on Educators
Soft rugs for primary school reading corners,300,10,High (Niche),Educator-focused organic content
Best carpet material for home offices,900,28,High (Commercial),Blog / Product Suggestion
Hand-knotted vs hand-tufted durability,1100,32,Informational,Technical SEO Blog
Modern minimalist abstract rugs,1400,40,High (Commercial),Collection Page
Boho chic wool rugs for bedroom,1800,38,High (Commercial),Social Media / Pinterest SEO
Large area rugs for dining table,2200,42,High (Transactional),Buying Guide / Category
Washable wool rugs for high traffic,750,25,High (Transactional),Feature-specific Page
Shedding in hand-tufted rugs guide,1200,15,Informational,Trust-building Blog
Sustainable handcrafted rugs India,500,18,High (Commercial),About Us / Sustainability Page
Geometric pattern wool rugs,1100,35,High (Commercial),Collection Page
Vintage floral hand-tufted carpets,650,24,High (Transactional),Product Page
Oriental rugs with modern abstract twist,400,20,High (Niche),Niche Product Blog
Soundproofing rugs for apartments,900,15,High (Problem-solving),Functional SEO Blog
Rugs for cold floors in winter,1500,22,High (Commercial),Seasonal Blog
Best wool for carpets New Zealand vs Indian,600,30,Informational,Quality-focused Blog
Luxurious texture rugs for hotel lobby,300,45,High (Commercial),B2B / Portfolio Page
Small accent rugs for entryway,1800,35,High (Commercial),Category Page
How to remove coffee stains from wool rugs,3500,18,Informational,Helpful Guide / SEO Magnet
Safe rugs for crawling babies,1100,12,High (Problem-solving),Mom-focused / Educational Blog
Custom logo rugs for businesses,450,28,High (Transactional),B2B Service Page
Mid-century modern hand-tufted rugs,850,40,High (Commercial),Niche Collection
Luxury rug brands India,2200,60,High (Commercial),Competitor SEO / Brand Building
Hand-tufted rug prices in India,1200,35,High (Transactional),Pricing Guide
Artisan made wool carpets,400,22,High (Commercial),Brand Storytelling
Multi-color abstract rugs for grey sofa,550,15,High (Transactional),Visual SEO / Pinterest
Round hand-tufted rugs for nursery,700,25,High (Commercial),Category Page
Deep pile vs low pile comfort,800,20,Informational,Educational Blog
Natural fiber rugs for eco-friendly home,1400,35,High (Commercial),Niche Blog
Best rug backing for marble floors,450,10,High (Problem-solving),Technical FAQ
Hand-tufted wool rug life expectancy,300,15,Informational,Trust / Quality Blog
Customized bedside runners wool,400,18,High (Transactional),Product Page
Vibrant rugs for eclectic interior,600,25,High (Commercial),Inspiration / Pinterest
Odor-free natural wool rugs,350,12,High (Transactional),Feature Highlight
Stain resistant coatings for wool carpets,500,30,Informational,Product Upsell Blog
Hand-tufted rugs exports from India,1100,45,High (Informational),B2B / Wholesale Page
Traditional designs in hand-tufted technique,450,25,High (Commercial),Unique Selling Point Blog
Best time to buy rugs online India,1200,20,High (Commercial),Seasonal Sales Page
DIY rug maintenance for homeowners,900,15,Informational,Community Building Content
Premium rugs for luxury villas,350,50,High (Niche),High-end Portfolio